{"meta-llama/Meta-Llama-3-8B-Instruct": [0.99609375, 1.0, 0.99609375, 0.9921875, 1.0078125, 1.0, 1.0, 1.0, 1.0078125, 0.99609375, 1.0, 1.0, 1.0078125, 1.0, 1.0, 0.99609375, 1.0078125, 1.0, 0.79296875, 0.79296875, 0.79296875, 0.7890625, 0.8125, 0.82421875, 0.8359375, 0.83984375, 0.83984375, 0.84375, 0.8515625, 0.84765625, 0.84765625, 0.8359375, 0.8359375], "mistralai/Mistral-7B-Instruct-v0.2": [1.0, 1.0078125, 1.0078125, 1.0078125, 0.99609375, 0.9921875, 1.0, 0.99609375, 1.0, 1.0, 0.99609375, 0.99609375, 0.99609375, 1.0, 1.0, 0.99609375, 1.0, 0.99609375, 0.6484375, 0.609375, 0.58203125, 0.59375, 0.58984375, 0.59765625, 0.58203125, 0.5703125, 0.546875, 0.5390625, 0.5234375, 0.515625, 0.546875, 0.5546875, 0.66796875], "meta-llama/Meta-Llama-3-70B-Instruct": [0.99609375, 1.0, 1.0, 1.0078125, 0.99609375, 0.99609375, 0.99609375, 0.99609375, 1.0, 1.0078125, 1.0, 1.0, 1.0, 0.99609375, 0.9921875, 1.0, 1.0, 1.0, 0.99609375, 1.0, 0.99609375, 1.0, 1.0078125, 1.0, 1.0, 1.0078125, 0.99609375, 0.99609375, 1.0078125, 1.0, 0.99609375, 0.99609375, 1.0, 0.99609375, 1.0, 1.0, 0.99609375, 1.0078125, 1.0, 1.0, 1.0, 1.0, 0.93359375, 0.93359375, 0.93359375, 0.9296875, 0.9375, 0.93359375, 0.9375, 0.93359375, 0.9375, 0.9375, 0.93359375, 0.93359375, 0.9375, 0.9375, 0.94140625, 0.94140625, 0.94140625, 0.94140625, 0.9375, 0.94140625, 0.9453125, 0.9375, 0.94140625, 0.94140625, 0.9453125, 0.94140625, 0.9375, 0.94140625, 0.94140625, 0.9375, 0.94140625, 0.9453125, 0.94140625, 0.9375, 0.9453125, 0.9453125, 0.94140625, 0.94140625, 0.9453125]}